date,bill_no,customer_ref,amount,payment_mode
2026-09-01,B3001,"=SUM(A1:A10)",450.0,CASH
2026-09-02,B3002,"@cmd|' /C calc'!A0",820.0,UPI
2026-09-03,B3003,"+1+2+3",600.0,CASH
2026-09-04,B3004,"-500",300.0,CASH
2026-09-05,B3005,CUST_SAFE,750.0,UPI
2026-09-06,B3006,CUST_001,500.0,CASH
2026-09-07,B3007,CUST_002,400.0,CASH
2026-09-08,B3008,CUST_003,900.0,UPI
2026-09-09,B3009,CUST_004,650.0,CASH
2026-09-10,B3010,CUST_005,800.0,UPI
2026-09-11,B3011,CUST_006,350.0,CASH
2026-09-12,B3012,CUST_007,720.0,UPI
2026-09-13,B3013,CUST_008,480.0,CASH
2026-09-14,B3014,CUST_009,510.0,UPI
2026-09-15,B3015,CUST_010,630.0,CASH
2026-09-16,B3016,CUST_001,420.0,CASH
2026-09-17,B3017,CUST_002,890.0,UPI
2026-09-18,B3018,CUST_003,710.0,CASH
2026-09-19,B3019,CUST_004,540.0,UPI
2026-09-20,B3020,CUST_005,670.0,CASH
2026-09-21,B3021,CUST_006,830.0,UPI
2026-09-22,B3022,CUST_007,460.0,CASH
2026-09-23,B3023,CUST_008,590.0,UPI
2026-09-24,B3024,CUST_009,620.0,CASH
2026-09-25,B3025,CUST_010,740.0,UPI
2026-09-26,B3026,CUST_001,810.0,CASH
2026-09-27,B3027,CUST_002,470.0,UPI
2026-09-28,B3028,CUST_003,530.0,CASH
2026-09-29,B3029,CUST_004,680.0,UPI
2026-09-30,B3030,CUST_005,790.0,CASH
